Rank,State,County,County Score,Pending Ratio,Active Listing Count,Pending Listing Count,Median Listing Price,Median Days on Market,Price Decrease Count,New Listing Count,Recommended Home Value Range,Notes
1,MI,Wayne,93.34,0.44386942675159236,5024,2230.0,163875.0,47.0,1832.0,2024,$82k-$219k,Strong buyer activity
2,MI,Macomb,93.0,0.49194915254237287,2360,1161.0,285000.0,39.0,1098.0,1164,$142k-$350k,Strong buyer activity
3,MI,Genesee,91.12,0.49247491638795987,1196,589.0,217375.0,45.0,682.0,538,$109k-$290k,Strong buyer activity
4,FL,Duval,89.85,0.4389557205016637,3907,1715.0,299950.0,61.0,1892.0,1416,$160k-$339k,Strong buyer activity
5,MI,Kent,88.89,0.57996632996633,1188,689.0,380500.0,38.0,586.0,782,$190k-$350k,Strong buyer activity
6,MI,Oakland,88.24,0.44633873672442703,3578,1597.0,400000.0,39.0,1504.0,1654,$200k-$350k,Strong buyer activity
7,MI,Ingham,87.42,0.45702592087312416,733,335.0,199975.0,46.0,330.0,284,$100k-$267k,Strong buyer activity
8,MI,Kalamazoo,87.24,0.5664,625,354.0,326975.0,43.0,274.0,306,$163k-$350k,Strong buyer activity
9,AL,Jefferson,86.99,0.42970726418503796,2767,1189.0,229925.0,63.0,942.0,928,$121k-$315k,Strong buyer activity
10,GA,Houston,85.72,0.6179245283018868,636,393.0,313478.0,59.0,192.0,268,$188k-$408k,Strong buyer activity
11,MI,Calhoun,85.18,0.6432926829268293,328,211.0,247350.0,45.0,158.0,168,$124k-$330k,Strong buyer activity
12,AL,Shelby,84.25,0.5454545454545454,1012,552.0,399125.0,56.0,336.0,368,$210k-$350k,Strong buyer activity
13,FL,Clay,83.6,0.4486081370449679,934,419.0,365245.0,64.0,440.0,322,$195k-$413k,Strong buyer activity
14,AL,Mobile,83.19,0.41820873427091043,1351,565.0,259950.0,66.0,474.0,476,$136k-$350k,Strong buyer activity
15,GA,Muscogee,81.2,0.4320785597381342,611,264.0,242450.0,60.0,182.0,228,$145k-$315k,Strong buyer activity
16,FL,Lake,80.87,0.39156386788698766,2513,984.0,399999.0,74.0,976.0,688,$214k-$452k,Strong buyer activity
17,FL,Seminole,80.4,0.34382566585956414,1652,568.0,390225.0,65.0,738.0,582,$209k-$441k,Strong buyer activity
18,FL,St. Johns,80.33,0.4273229070837167,2174,929.0,529000.0,72.0,892.0,696,$283k-$550k,Strong buyer activity
19,FL,Orange,79.35,0.33003240907454084,5554,1833.0,424950.0,73.0,2024.0,1650,$227k-$480k,Strong buyer activity
20,MI,Eaton,79.28,0.664804469273743,179,119.0,291225.0,43.0,80.0,112,$146k-$350k,Strong buyer activity
21,FL,Manatee,79.15,0.3948582729070534,3034,1198.0,460000.0,85.0,1088.0,888,$246k-$520k,Strong buyer activity
22,MI,Ottawa,78.9,0.6422338568935427,573,368.0,477450.0,44.0,256.0,306,$239k-$350k,Strong buyer activity
23,FL,Sarasota,78.54,0.40129366106080205,3865,1551.0,455000.0,93.0,1002.0,1086,$243k-$514k,Strong buyer activity
24,FL,Pasco,78.16,0.3296988577362409,3852,1270.0,339900.0,74.0,1848.0,1020,$182k-$384k,Strong buyer activity
25,MI,Livingston,77.9,0.6466942148760331,484,313.0,469900.0,39.0,202.0,272,$235k-$350k,Strong buyer activity
26,MI,Washtenaw,77.86,0.4563106796116505,927,423.0,454250.0,48.0,352.0,332,$227k-$350k,Strong buyer activity
27,GA,Henry,77.57,0.3212166172106825,1348,433.0,372250.0,63.0,490.0,390,$223k-$450k,Strong buyer activity
28,GA,Cobb,76.94,0.28712534059945505,2936,843.0,449450.0,56.0,1230.0,930,$270k-$450k,Strong buyer activity
29,FL,Hillsborough,76.9,0.2929662635264163,6284,1841.0,408250.0,71.0,2838.0,1844,$218k-$461k,Strong buyer activity
30,AL,Madison,76.84,0.42433767400089806,2227,945.0,350000.0,83.0,852.0,672,$184k-$350k,Strong buyer activity
31,AL,Montgomery,76.62,0.3691345151199166,959,354.0,225000.0,72.0,296.0,256,$118k-$308k,Strong buyer activity
32,AL,Elmore,76.22,0.5186440677966102,295,153.0,355150.0,56.0,86.0,118,$186k-$350k,Strong buyer activity
33,GA,Clayton,75.88,0.30569948186528495,965,295.0,249962.0,61.0,348.0,294,$150k-$325k,Strong buyer activity
34,GA,Paulding,75.87,0.3049147442326981,997,304.0,382500.0,59.0,470.0,272,$230k-$450k,Strong buyer activity
35,FL,Palm Beach,75.48,0.30657815328907667,9942,3048.0,472000.0,79.0,2558.0,3014,$253k-$533k,Strong buyer activity
36,AL,Limestone,75.17,0.4309799789251844,949,409.0,397725.0,69.0,262.0,284,$209k-$350k,Strong buyer activity
37,GA,Richmond,74.73,0.3641092327698309,769,280.0,219950.0,72.0,258.0,178,$132k-$286k,Strong buyer activity
38,GA,Dekalb,74.42,0.2464923469387755,3136,773.0,329500.0,59.0,1090.0,910,$198k-$428k,Moderate buyer activity
39,MI,Allegan,74.12,0.5928338762214984,307,182.0,496175.0,44.0,142.0,144,$248k-$350k,Strong buyer activity
40,AL,Morgan,73.96,0.4147465437788018,434,180.0,299900.0,68.0,162.0,136,$157k-$350k,Strong buyer activity
41,AL,St. Clair,73.92,0.4987405541561713,397,198.0,343000.0,70.0,128.0,122,$180k-$350k,Strong buyer activity
42,GA,Douglas,73.77,0.2937853107344633,708,208.0,358450.0,57.0,254.0,200,$215k-$450k,Strong buyer activity
43,GA,Columbia,73.65,0.3450363196125908,826,285.0,374900.0,72.0,280.0,192,$225k-$450k,Strong buyer activity
44,GA,Gwinnett,73.58,0.2528045917036264,3833,969.0,449945.0,57.0,1568.0,1126,$270k-$450k,Strong buyer activity
45,AL,Autauga,72.52,0.9655172413793104,116,112.0,304975.0,47.0,56.0,56,$160k-$350k,Strong buyer activity
46,GA,Rockdale,71.58,0.3352941176470588,510,171.0,319950.0,67.0,162.0,116,$192k-$416k,Strong buyer activity
47,GA,Fulton,71.51,0.21869373056146668,6109,1336.0,389923.0,61.0,1880.0,1656,$234k-$450k,Moderate buyer activity
48,GA,Cherokee,71.17,0.2924187725631769,1385,405.0,548745.0,57.0,540.0,382,$329k-$450k,Strong buyer activity
49,FL,Nassau,70.81,0.38226744186046513,688,263.0,569450.0,75.0,230.0,182,$305k-$550k,Strong buyer activity
50,GA,Chatham,70.01,0.30280898876404494,1780,539.0,395625.0,80.0,632.0,450,$237k-$450k,Strong buyer activity
51,FL,Pinellas,69.36,0.25494404415146404,6523,1663.0,417450.0,84.0,2486.0,1792,$223k-$472k,Strong buyer activity
52,GA,Bryan,68.83,0.49812734082397003,267,133.0,442550.0,73.0,84.0,82,$266k-$450k,Strong buyer activity
53,MI,Clinton,68.78,0.6583333333333333,120,79.0,389450.0,39.0,40.0,58,$195k-$350k,Strong buyer activity
54,AL,Blount,67.45,0.3785310734463277,177,67.0,311500.0,56.0,52.0,62,$164k-$350k,Strong buyer activity
55,FL,Lee,67.31,0.2477924343181075,9173,2273.0,379900.0,91.0,2648.0,2196,$203k-$429k,Moderate buyer activity
56,GA,Bibb,66.36,0.2765685019206146,781,216.0,202500.0,73.0,216.0,204,$122k-$263k,Strong buyer activity
57,FL,Osceola,66.34,0.2522155688622755,4175,1053.0,405875.0,92.0,1246.0,928,$217k-$459k,Strong buyer activity
58,FL,Broward,65.66,0.21613511061483703,14329,3097.0,380000.0,86.0,3434.0,3550,$203k-$429k,Moderate buyer activity
59,GA,Forsyth,61.25,0.23546944858420268,1342,316.0,665950.0,58.0,574.0,372,$400k-$450k,Moderate buyer activity
60,FL,Miami-Dade,59.46,0.1907113462669018,17010,3244.0,589000.0,87.0,3074.0,3468,$315k-$550k,Moderate buyer activity
61,AL,Baldwin,59.3,0.27801268498942916,2838,789.0,499000.0,87.0,746.0,546,$262k-$350k,Strong buyer activity
62,GA,Fayette,57.48,0.2411674347158218,651,157.0,571713.0,65.0,220.0,192,$343k-$450k,Moderate buyer activity
