State,County,ZIP,Target Home Value Range,Estimated Population,Estimated Lead Volume,Priority,Reason,Suggested Lead Pull Criteria
AL,Section Zip Market,35771,$233k-$350k,12.0,12.0,High,"Within the configured 45-minute drive market for Huntsville; one of the next densest available residential ZIPs needed to preserve report volume; strong pending ratio, healthy active inventory, good price range, and enough estimated lead volume.",Absentee owners; high equity; vacant; tired landlords; out-of-state owners; pre-foreclosure if available; probate if available; ownership length 7+ years; property value inside recommended range.
AL,Titus Zip Market,36080,$262k-$350k,15.0,15.0,High,"Within the configured 45-minute drive market for Montgomery; one of the next densest available residential ZIPs needed to preserve report volume; strong pending ratio, healthy active inventory, good price range, and enough estimated lead volume.",Absentee owners; high equity; vacant; tired landlords; out-of-state owners; pre-foreclosure if available; probate if available; ownership length 7+ years; property value inside recommended range.
FL,Neptune Beach Zip Market,32266,$694k-$550k,28.0,28.0,High,"Within the configured 45-minute drive market for Jacksonville; dense residential inventory; strong pending ratio, healthy active inventory, good price range, and enough estimated lead volume.",Absentee owners; high equity; vacant; tired landlords; out-of-state owners; pre-foreclosure if available; probate if available; ownership length 7+ years; property value inside recommended range.
FL,Plant City Zip Market,33567,$222k-$469k,27.0,27.0,High,"Within the configured 45-minute drive market for Tampa; dense residential inventory; strong pending ratio, healthy active inventory, good price range, and enough estimated lead volume.",Absentee owners; high equity; vacant; tired landlords; out-of-state owners; pre-foreclosure if available; probate if available; ownership length 7+ years; property value inside recommended range.
GA,Atlanta Zip Market,30303,$135k-$292k,40.0,40.0,High,"Within the configured 45-minute drive market for Atlanta; dense residential inventory; strong pending ratio, healthy active inventory, good price range, and enough estimated lead volume.",Absentee owners; high equity; vacant; tired landlords; out-of-state owners; pre-foreclosure if available; probate if available; ownership length 7+ years; property value inside recommended range.
MI,Eaton Rapids Zip Market,48827,$157k-$350k,30.0,30.0,High,"Within the configured 45-minute drive market for Lansing; dense residential inventory; strong pending ratio, healthy active inventory, good price range, and enough estimated lead volume.",Absentee owners; high equity; vacant; tired landlords; out-of-state owners; pre-foreclosure if available; probate if available; ownership length 7+ years; property value inside recommended range.
MI,Mattawan Zip Market,49071,$205k-$350k,25.0,25.0,High,"Within the configured 45-minute drive market for Grand Rapids; dense residential inventory; strong pending ratio, healthy active inventory, good price range, and enough estimated lead volume.",Absentee owners; high equity; vacant; tired landlords; out-of-state owners; pre-foreclosure if available; probate if available; ownership length 7+ years; property value inside recommended range.
MI,Williamston Zip Market,48895,$197k-$350k,30.0,30.0,High,"Within the configured 45-minute drive market for Lansing; dense residential inventory; strong pending ratio, healthy active inventory, good price range, and enough estimated lead volume.",Absentee owners; high equity; vacant; tired landlords; out-of-state owners; pre-foreclosure if available; probate if available; ownership length 7+ years; property value inside recommended range.
MI,Richmond Zip Market,48062,$265k-$350k,28.0,28.0,High,"Within the configured 45-minute drive market for Detroit; dense residential inventory; strong pending ratio, healthy active inventory, good price range, and enough estimated lead volume.",Absentee owners; high equity; vacant; tired landlords; out-of-state owners; pre-foreclosure if available; probate if available; ownership length 7+ years; property value inside recommended range.
